<?xml version="1.0" encoding="UTF-8"?>
    <addon id="repository.thedream" name="The Dream Repository" version="1.0.0" provider-name="Sim74">
        <requires>
            <import addon="xbmc.addon" version="12.0.0"/>
        </requires>
        <extension point="xbmc.addon.repository" name="Brokentechie Repository">
            <info compressed="false">https://raw.githubusercontent.com/Sim74/The-Dream-Repo/master/addons.xml</info>
            <checksum>https://raw.githubusercontent.com/Sim74/The-Dream-Repo/master/addons.xml.md5</checksum>
            <datadir zip="true">https://raw.githubusercontent.com/Sim74/The-Dream-Repo/master/zips</datadir>
            <hashes>false</hashes>
        </extension>
        <extension point="xbmc.addon.metadata">
            <summary>The Dream Repository</summary>
            <description>The Dream Repository.</description>
            <platform>all</platform>
    </extension>
</addon>